[{"prodId": 101, "prodName": "AAAA0", "prodPrice": 2929.34, "prodQty": 27, "prodCode": "A0XXX"}, {"prodId": 102, "prodName": "AAAA1", "prodPrice": 2930.34, "prodQty": 28, "prodCode": "A1XXX"}, {"prodId": 103, "prodName": "AAAA2", "prodPrice": 2931.34, "prodQty": 29, "prodCode": "A2XXX"}, {"prodId": 104, "prodName": "AAAA3", "prodPrice": 2932.34, "prodQty": 30, "prodCode": "A3XXX"}, {"prodId": 105, "prodName": "AAAA4", "prodPrice": 2933.34, "prodQty": 31, "prodCode": "A4XXX"}, {"prodId": 106, "prodName": "AAAA5", "prodPrice": 2934.34, "prodQty": 32, "prodCode": "A5XXX"}, {"prodId": 107, "prodName": "AAAA6", "prodPrice": 2935.34, "prodQty": 33, "prodCode": "A6XXX"}, {"prodId": 108, "prodName": "AAAA7", "prodPrice": 2936.34, "prodQty": 34, "prodCode": "A7XXX"}, {"prodId": 109, "prodName": "AAAA8", "prodPrice": 2937.34, "prodQty": 35, "prodCode": "A8XXX"}, {"prodId": 110, "prodName": "AAAA9", "prodPrice": 2938.34, "prodQty": 36, "prodCode": "A9XXX"}]